排行,视频标题,视频地址,作者,播放数,弹幕数,硬币数,点赞数,分享数,收藏数,封面地址
1,羊村第四季（4）,https://www.bilibili.com/video/BV12NceehEFn,小潮院长,4887812,78097,245829,353471,8215,134335,http://i0.hdslb.com/bfs/archive/4a1319814fc9d9eb1e748304213a684acd84dfc4.jpg
2,谭乔：《谭谈交通》二十年，节目里的普通人治好了我的抑郁症 |【热点面孔】,https://www.bilibili.com/video/BV1W2caeREyH,热门情报局,3064564,2712,32245,267908,3815,39116,http://i0.hdslb.com/bfs/archive/f6f6801d446debdf624e8578538d98aed4fa1df1.jpg
3,《崩坏：星穹铁道》大黑塔角色PV——「宇宙有天才」,https://www.bilibili.com/video/BV1tXckehEd3,崩坏星穹铁道,5154115,65120,140736,371428,45869,92365,http://i0.hdslb.com/bfs/archive/eebc0dad8648e774e3d502fcd6a59401372f2f74.jpg
4,“世界最坚固堡垒”有多难打？【神奇组织26】,https://www.bilibili.com/video/BV1imc2enEKU,小约翰可汗,3609247,20156,113756,268520,7103,57464,http://i0.hdslb.com/bfs/archive/1ad9eaa19cc01efe59f95302acb36e584c94c968.jpg
5,【雷军】今年第一次放烟花，给大家拜个早年,https://www.bilibili.com/video/BV1xQcBe1Ews,雷军,1121856,42620,23254,425721,2670,13454,http://i0.hdslb.com/bfs/archive/adbb1ef5c4358b717b3d69e89c195a8057da4e20.jpg
6,《惊 喜》：游戏科学蛇年贺岁小短片,https://www.bilibili.com/video/BV12PceewEyY,黑神话悟空,1710483,14872,52484,146942,28737,20721,http://i2.hdslb.com/bfs/archive/a39d74e352cd3ea5cf5706e06d8c2f84bcbec932.jpg
7,过年试一下？全家福全流程新手懒人包,https://www.bilibili.com/video/BV1SrcieyEH4,影视飓风,2797226,2538,28046,133451,6209,30566,http://i1.hdslb.com/bfs/archive/86011774acdddc057b28ffc686223a0c2b458618.jpg
8,《 蒙 娜 立 杀 》,https://www.bilibili.com/video/BV1p6cteVEK7,智勇双全富贵君,4243248,2273,7422,111610,1086,38654,http://i1.hdslb.com/bfs/archive/b2c41d2fa4e0fac497738712e3a002effd4e7288.jpg
9,《未定事件簿》「万灵局·妖闻簿」OP：「契」- Resonance,https://www.bilibili.com/video/BV1ZtwgeHE5F,未定事件簿,834784,6805,35505,66727,19198,18806,http://i1.hdslb.com/bfs/archive/002938efe0e66f4c4c5efb40afcfe26d5e8a53c8.jpg
10,是你先牵住他的手，要他做你的哥哥——夏以昼「飞鸟回还日·无尽夏」PV公开！,https://www.bilibili.com/video/BV1nXceebE2H,恋与深空,1443380,6449,27625,84209,23879,25352,http://i2.hdslb.com/bfs/archive/20e48a77afd37ac9a5c07913d03d5a324c2b1882.jpg
11,超激烈的电钻大赛！16只电钻既分高下，也决生死！！！,https://www.bilibili.com/video/BV1UPcBemEpd,Super也好君,1640004,8965,26737,96384,36793,27389,http://i1.hdslb.com/bfs/archive/dfa12597ae71dd8f7e60e8148d6a0a399f6b3a66.jpg
12,峡谷新春减压小剧场《真的会蟹》,https://www.bilibili.com/video/BV149wGeGEpR,白客,3247271,1410,6463,129541,4627,9035,http://i1.hdslb.com/bfs/archive/4bd25f49377f3d116a9a28c3ebff958e6cf96151.jpg
13,我们用3天，完成了这一年所有遗憾！！！【青春旅行团06】,https://www.bilibili.com/video/BV1KvwVe5Ejm,宝剑嫂,525648,19437,100501,99790,5931,33549,http://i2.hdslb.com/bfs/archive/d3a95cb7d3db166e9dc9b56cabd7263de9a17232.jpg
14,逆水寒破解版在外网热议，国服玩家太惨被老外同情,https://www.bilibili.com/video/BV1AHcbeLEyX,CCheny6,2712641,5227,11596,27865,1257,62711,http://i2.hdslb.com/bfs/archive/c8e0ee7b1157ed17f02ab725c967d984989f7ba6.jpg
15,讲个鬼故事，你从来没见过它的影子......,https://www.bilibili.com/video/BV11ucieiEcg,毕的二阶导,2504207,1887,2749,118412,1536,11616,http://i1.hdslb.com/bfs/archive/059d26d75be9594de29ace29a65b294d3967ee45.jpg
16,R技能 神出鬼没,https://www.bilibili.com/video/BV1nrctekEir,脱缰凯Kk,1321869,4342,6531,146084,1080,9098,http://i0.hdslb.com/bfs/archive/03237cacf50aeb5c32b84631a27c9a4011a974be.jpg
17,对不起，没能走进你心里,https://www.bilibili.com/video/BV11Ecke9EHG,孤鹜AH,3554316,610,3666,164006,8195,60185,http://i1.hdslb.com/bfs/archive/edee9c06c2228f886a9348b791d3f7e7fc3b867c.jpg
18,空间动线合理规划，家居舒适度100％,https://www.bilibili.com/video/BV1bucQeQEjn,家居达人Mr温,2479742,933,2537,106139,5070,53322,http://i1.hdslb.com/bfs/archive/469c7166d30deec81257be11b314f00525aa9ac5.jpg
19,耳目一新？徐克版《射雕》的切入点太犀利了！,https://www.bilibili.com/video/BV13xczepEAn,啊粥粥啊粥,2225017,10862,20694,79820,3662,15920,http://i1.hdslb.com/bfs/archive/c49f99453da81f4c855678b56f0f64af1569ee44.jpg
20,春晚暖心MV《住在心里的人》,https://www.bilibili.com/video/BV1cxcbekEBm,央视新闻,1928993,311,8537,115159,2951,10895,http://i0.hdslb.com/bfs/archive/33a80c41fdfd17e17fd30cd7c96c2033f2a0d41b.jpg
21,究竟是在哪个瞬间，我们意识到自己长大了呢,https://www.bilibili.com/video/BV1BucteeE12,香蕉猫的快乐生活,2853077,431,1230,234075,1768,18110,http://i1.hdslb.com/bfs/archive/728a7017ca7c4f82ec1b8fb7eb9fb2f9ba30f26d.jpg
22,挑战一人分饰金庸五绝！,https://www.bilibili.com/video/BV1ERc8erENj,三喜爷爷,2365875,1198,15443,206067,1650,14621,http://i0.hdslb.com/bfs/archive/1c1428d051264b6114df9189beaba4f481988133.jpg
23,打开这个游戏前，请确保你有足够的时间〖游戏不止〗,https://www.bilibili.com/video/BV1HcczezEvC,森纳映画,928406,4578,31736,63837,5385,22339,http://i0.hdslb.com/bfs/archive/2e5ce05b0583d911d9784d707dfd66e35c9cef00.jpg
24,《尘白禁区》2.5版本PV「夙圆心行」：所行化坦途，所求终如愿！,https://www.bilibili.com/video/BV15jwVe4ENV,尘白禁区,975376,10611,47308,57385,9677,15404,http://i0.hdslb.com/bfs/archive/da84be33d68b6bbf06de04a73339149004de94bc.jpg
25,动画：看好了我只教一遍！,https://www.bilibili.com/video/BV17Qc8eCEtY,进击的金厂长,1378572,748,12139,108424,1210,12369,http://i1.hdslb.com/bfs/archive/556d43e5b3bd3d5c9e303b6dda3fed79045647e7.jpg
26,蛋仔派对：盘点2025年寒假必玩的超好玩的蛋仔乐园地图,https://www.bilibili.com/video/BV1i7caeyE5M,小懒不是懒羊羊,1824796,3,6567,7356,6,88172,http://i2.hdslb.com/bfs/archive/ddf96cea299cc2c3586f4bcf1a6d241d6e67b65f.jpg
27,18年前的特效至今仍是巅峰！万字解析《变形金刚》！,https://www.bilibili.com/video/BV19Gcve1Eh5,BuriedAlien,700746,9755,48434,58532,2156,21049,http://i0.hdslb.com/bfs/archive/53bf3ecd6c3281db1afc620478d29cedca624187.jpg
28,我想用一辈子来塑造梦想中的Mc！！,https://www.bilibili.com/video/BV1fqcgeHE9f,洛西卡zZ,2000283,1997,34511,90389,1046,54541,http://i1.hdslb.com/bfs/archive/ae6974f2effb862373ffe67a1bb02185dd8ba276.jpg
29,以一盆可以吃的竹子，祝大家花开富贵，竹报平安！,https://www.bilibili.com/video/BV1N7w5e1EkC,绵羊料理,897167,15199,46203,74546,942,16014,http://i1.hdslb.com/bfs/archive/d3a6b0467c297f7dfadeba6374dfa790ac823093.jpg
30,美國歌手熱愛中國音樂: 鄭伊健 - 友情歲月,https://www.bilibili.com/video/BV1fXcueHEXa,kmezzi,915240,20853,15799,279195,11735,33011,http://i1.hdslb.com/bfs/archive/b4ae3df6bfc5a62116ca15d375adb9f83c02f041.jpg
31,跨越2000公里！我去了全国最E的两个地方！,https://www.bilibili.com/video/BV1kucCeSEYw,你的不秃头,1890306,4990,8661,203555,2250,21042,http://i1.hdslb.com/bfs/archive/03cc57fdd3532031c5b6c6b6de447ca79ab1e5a1.jpg
32,健美冠军扎药疯魔，开直播处决妻子，连杀5人被特警击毙,https://www.bilibili.com/video/BV1RYcBeZEi6,丧钟克里斯,1193037,2298,2443,103768,7106,9293,http://i2.hdslb.com/bfs/archive/e85dd8de7d4a98ff70e37858aa0c11d29860593d.jpg
33,重生后，我被小富婆套牢了,https://www.bilibili.com/video/BV1ADc1e8E6y,圆桌动漫,4376667,2986,9696,53077,487,108647,http://i2.hdslb.com/bfs/archive/ee6a4e6874b140224087ab1a9cfcc58319c68c61.jpg
34,"我在西班牙菜市场用一道""东北烤鸡架""颠覆了老外的三观",https://www.bilibili.com/video/BV1DmrrYjEZ9,西班牙陈挺,1019122,1172,3117,111289,394,7719,http://i1.hdslb.com/bfs/archive/e852f6e71c53eab6443e761246b9ee3dcc98e886.jpg
35,一口气了解化债和中国的财政体系,https://www.bilibili.com/video/BV1CcwVeqEHE,小Lin说,996660,7638,21009,49634,6648,22477,http://i0.hdslb.com/bfs/archive/5ee4b1333c98e61a0af485de6e80c86ea93b46c4.jpg
36,又有人发明历史了，说中国古代要冠夫姓，咱们传统文化里确实有糟粕，但冠夫姓这做法，古人不背锅,https://www.bilibili.com/video/BV17oc8e3ECk,沈万一吖,608657,2609,14817,80464,2673,10899,http://i2.hdslb.com/bfs/archive/fb32f3b9737c5e9e96264d58f8993d5a7db727f4.jpg
37,手机刷的越多，心越静不下来，你就更不可能成功！,https://www.bilibili.com/video/BV1nxcbekEN5,考研英语大雁,593933,660,12906,68440,4910,28337,http://i1.hdslb.com/bfs/archive/631313d6e267481ee9782da57a3ee097fa4e3a0e.jpg
38,相机能看到人眼看不到的东西！被诅咒的相机,https://www.bilibili.com/video/BV14hcteJEJD,薄海纸鱼,626151,6584,4311,60146,803,30858,http://i0.hdslb.com/bfs/archive/482afe9f4d343bf335f71dcfde966c9d04c12aa7.jpg
39,不要在iPad上滴墨水！除非你想看到这个…..,https://www.bilibili.com/video/BV19fctecEh3,MEspace天植,1984732,373,9621,146057,1450,18833,http://i1.hdslb.com/bfs/archive/c61ffb24cea236b05b95788c63a99fc2c97b1229.jpg
40,全世界最贵菜系，价值100个亿的世纪浓汤，喝一口直接原地飞升,https://www.bilibili.com/video/BV1uBc1eBEJb,无幻漫剪,5304080,295,913,34519,69,27546,http://i2.hdslb.com/bfs/archive/dd84824e927f0c99b6be6e362ab9d45a88d55e7a.jpg
41,看到这个视频的人，这辈子都有了！,https://www.bilibili.com/video/BV1Hgc3efEqY,呱唧菌,1443440,998,4288,33717,673,49450,http://i1.hdslb.com/bfs/archive/f698e03b09c35957745ac06fab2d7399f7ba72db.jpg
42,虚一直构 | 食乐坊年度总选举,https://www.bilibili.com/video/BV1xNcieMEdB,帕姆的收藏夹,518346,13950,22072,76368,21606,17829,http://i0.hdslb.com/bfs/archive/7460432462f0b676b9ec5d857e944583cf9a2a7f.jpg
43,南方人疯闯东北长白山，直接被东北司机上了一课…,https://www.bilibili.com/video/BV1HrctekEzd,盗月社食遇记,1391870,5641,20061,67464,4007,9018,http://i2.hdslb.com/bfs/archive/5a6b51b79fdad0781c6790eb9f06d38e8637ea31.jpg
44,蛋仔派对：盘点蛋仔2025年寒假里必玩的乐园地图，冰火双蛋太好玩了！,https://www.bilibili.com/video/BV1W9cmeKEeD,大鱼游戏队长,1800303,66,5330,5535,13,72370,http://i2.hdslb.com/bfs/archive/768ea0536ba191ea129340289fa38a5c1bd8fa85.jpg
45,自强不息的青春万岁！厚德载物的青春万岁，加油，奥利给，哈哈哈哈,https://www.bilibili.com/video/BV1gbcXeZEaW,朝阳冬泳怪鸽,769234,735,38137,169369,2321,8572,http://i0.hdslb.com/bfs/archive/2fd9a8ebf2efc7ca38bdbe217485873cd28800fc.jpg
46,蛋仔派对：当我变成了试卷,https://www.bilibili.com/video/BV153wue5EMU,才才Cary游戏解说,1675880,92,3813,5122,25,51413,http://i0.hdslb.com/bfs/archive/916b49c198917aaf7c60e3a3e030a10e84975991.jpg
47,开拓者抽到100岁天才科学家然后惨遭社会毒打,https://www.bilibili.com/video/BV1rrctekEMs,觅2,1279184,563,5306,137884,8015,19253,http://i0.hdslb.com/bfs/archive/674a28e903365f1bab5128410963aa1ea69736f2.jpg
48,百分百人塔消失的老夫子，来了！,https://www.bilibili.com/video/BV1RacBebEoA,尴尬的铁根er,2031236,1337,2998,83658,1108,5189,http://i2.hdslb.com/bfs/archive/41884c788d488604783cb1fc528a269660999444.jpg
49,河南蒸菜沙拉？！果然轻食宇宙的尽头还要属中式沙拉！【主播说三农】,https://www.bilibili.com/video/BV1rPc8e1E2h,央视农业,1048786,1968,5510,116494,8563,8635,http://i1.hdslb.com/bfs/archive/9d675c5419e9f8d1f76e21d004a4ba16acb5f696.jpg
50,零零后也爱“收破烂”？5天拯救杂物堆客厅,https://www.bilibili.com/video/BV152c9eNEPq,kiki的假期,2739281,748,3988,28613,758,24081,http://i0.hdslb.com/bfs/archive/f8754b0fb1d4eb15e6953f1c8bbd386422723d7a.jpg
51,突击检查百大up的英语水平2,https://www.bilibili.com/video/BV1sKc3eaEUJ,KerryDowdle,3321362,16237,23072,236635,3344,26548,http://i2.hdslb.com/bfs/archive/3d3a8b7392c4854f6cbc82adf60df380e12a681e.jpg
52,我的行为vs妈妈看到的,https://www.bilibili.com/video/BV1tXc6eXE3M,西维西师傅,1303861,269,4534,177205,4593,11056,http://i0.hdslb.com/bfs/archive/1f44de8fa5c2ac70b708d6154f4c9acca990425f.jpg
53,【星穹铁道宝箱全收集】翁法罗斯/创生若虫/贼灵/成就/战利品/黄金替罪羊/黄金短矛/启目集/圣烛/吉奥里亚活火/仙馔秘酿/全网最贴心的星穹铁道宝箱攻略,https://www.bilibili.com/video/BV16Wc6ekEoP,你的影月月,1395009,5379,15708,31412,2394,22032,http://i1.hdslb.com/bfs/archive/aaf1f29005d5008100537ec2c921854e630409bb.jpg
54,《最难绷的一集！！》,https://www.bilibili.com/video/BV1s9cieiEPw,佐悠-Leisurely,945263,1134,11326,76771,1154,9400,http://i2.hdslb.com/bfs/archive/0d21b3b8a360a49e95a15e7a8123ae4555b475bb.jpg
55,临榆炸鸡腿：秘方就偷走了？？？,https://www.bilibili.com/video/BV15GcqeWE5f,上班族的便当,1040856,856,4008,28040,6086,27835,http://i1.hdslb.com/bfs/archive/3aa74290a5e6aa9aa53cdc94bfb0a4ea6bc80d96.jpg
56,一口气跳完2024年热门舞蹈，看嘛？,https://www.bilibili.com/video/BV1Ziw5eaEKN,-欣小萌-,884310,1459,20777,61825,1806,13048,http://i0.hdslb.com/bfs/archive/e567ee34759c5003e077252c15dd36d3fb20321a.jpg
57,地震虽无情，但灾后藏族同胞们的善良、淳朴、有爱令人感动！他们的温暖值得被锁住。,https://www.bilibili.com/video/BV1kGcieeEaa,superB太,348169,704,79660,78040,486,6531,http://i2.hdslb.com/bfs/archive/f1a9d3af9fb4da424456336c13786761aa8bd9eb.jpg
58,爆肝72小时，还原芙宁娜喜欢的千灵慕斯！,https://www.bilibili.com/video/BV1SbcXeoEfE,糖不吃la,677393,2755,11904,35193,820,29245,http://i1.hdslb.com/bfs/archive/28cf51cfba355e453aed870ed15e6dd40cf8ee3d.jpg
59,让观众直呼卧槽牛逼的操作,https://www.bilibili.com/video/BV1kkcDegEKf,Cf跑酷神,537103,798,4750,94776,6444,29566,http://i2.hdslb.com/bfs/archive/0dec9de339099e0fb3957965ff6d5fc1f4699e0f.jpg
60,《抛瓦户缔》,https://www.bilibili.com/video/BV1U4cUekE7h,默白菌SilentWhite,399454,1277,35860,46577,13269,21744,http://i2.hdslb.com/bfs/archive/aee3e8db8fe7a7d0758515c059e1059bcd8d77fd.jpg
61,靖康之耻与《搜山图》秘辛,https://www.bilibili.com/video/BV1d5ctecEcM,没问题蚊西,902459,604,2716,60896,665,12937,http://i1.hdslb.com/bfs/archive/bb9d648481a2f47f9bd33ec699091e22552a96f4.jpg
62,【电钻大战】16支电钻淘汰赛😱我的钻头是突破天际的啊！,https://www.bilibili.com/video/BV1GAcheKEbZ,-超级小能猫-,1192818,845,3453,33536,3765,20652,http://i1.hdslb.com/bfs/archive/fd93885a4d029b1a73dc98446243c735b61e9c0a.jpg
63,《三角洲行动》焰火赛季故事短片！,https://www.bilibili.com/video/BV1c1czezEBW,三角洲行动,1179575,1657,1307,61567,1250,9514,http://i2.hdslb.com/bfs/archive/4837677095c6630e00deae64c5433abe5cf478f9.jpg
64,你成为了雷杰多的人间体 来到原生之初去教育土著P24,https://www.bilibili.com/video/BV1rEcie8EK6,磷火动漫,1220402,1635,4016,13643,174,28349,http://i2.hdslb.com/bfs/archive/665b90d81d131f9534cba9232564a04c5ba5b472.jpg
65,【柠】漫展上玩不倒翁？下来让我玩会儿,https://www.bilibili.com/video/BV1RKc2eEErS,柠好不好,2859348,127,5505,239887,1988,21162,http://i1.hdslb.com/bfs/archive/04b52ccdb895db9bcc770e786bd04476282422e9.jpg
66,《最会随礼の一集》,https://www.bilibili.com/video/BV15dcteAEdL,伤心欲茄222,1463930,464,2429,109318,1836,2927,http://i2.hdslb.com/bfs/archive/9b23c5302ec1d519b5a5df7faa3f96473dcb32d3.jpg
67,我再也不想搬家了！！,https://www.bilibili.com/video/BV1kAczeMELN,中国BOY超级大猩猩,807212,7411,15941,49094,541,12754,http://i0.hdslb.com/bfs/archive/bac4958e731ab8311e9fc192800d19da9bcb4c2f.jpg
68,尹锡悦正式逮捕：警护处“忠诚派”遭重拳出击,https://www.bilibili.com/video/BV1A3cieKECY,波士顿圆脸,1150505,5661,6484,71253,1444,5153,http://i2.hdslb.com/bfs/archive/ad1cfa077b1a85d4631cec8c245f1871ff6fff62.jpg
69,新年必画妆 这个妆比较万能!每个人都能尝试一下! 化出来都有自己独特的风格,https://www.bilibili.com/video/BV16wcteuEVN,陈圆圆超可爱,310748,226,3401,45232,1752,45511,http://i0.hdslb.com/bfs/archive/05f45c0176dba8f5874002066d91a16e18c36449.jpg
70,会扒开屁股搓？南方人的“裸体羞耻症”。。,https://www.bilibili.com/video/BV1EKczeKEhP,知名相声演员BBBBB大王,1103755,2480,7979,58589,6938,8625,http://i1.hdslb.com/bfs/archive/94a056e9aeba1342b04f409018e8dd4acd20f578.jpg
71,【IGN】Switch 2公布预告,https://www.bilibili.com/video/BV1dZwLeKEzG,IGN中国,1442166,7490,12390,52628,123466,12124,http://i0.hdslb.com/bfs/archive/0f75a4c7930782c1f33afadc6048061dfe4e0f72.jpg
72,蛋仔派对：盘点那些蛋仔游世界的乐园地图,https://www.bilibili.com/video/BV116cXeJEFN,不露脸的小风子,1125359,1,2899,3255,12,40412,http://i0.hdslb.com/bfs/archive/e55c6ecf143fc4b5895acda9ee72da37ace6050a.jpg
73,大家好，我是演员蕨野友也，我来B站啦！,https://www.bilibili.com/video/BV1kycXe2EQb,蕨野友也,429547,1479,18251,66856,5845,11268,http://i1.hdslb.com/bfs/archive/79b239283221644daa19ee0f0f78071e65332a5f.jpg
74,【MrBeast公益】我帮助2000人重新行走！,https://www.bilibili.com/video/BV1BpcPeqE2p,MrBeast官方账号,1201034,34964,113975,265907,1792,41457,http://i1.hdslb.com/bfs/archive/03385d421c0ebd12aa71f5c77b7ddf5fcd233593.jpg
75,我的世界：极简丐版物品分类，为懒人玩家而生,https://www.bilibili.com/video/BV1bbcteDEEi,图图图酱吖,783310,223,2275,39881,1448,32623,http://i1.hdslb.com/bfs/archive/5cd3353004f2eab5c38435b012b574525ed72713.jpg
76,【吐槽营销号】亚洲象会主动攻击人类？网络游戏反对人类？,https://www.bilibili.com/video/BV13Jcze4Eax,UtYu_Official,858011,2541,3414,13774,78,32087,http://i1.hdslb.com/bfs/archive/7dac7af6fe6c51a14c2a396067ceaaa42f053dec.jpg
77,南方过年 VS 北方过年,https://www.bilibili.com/video/BV1izw5e8EK9,面粉社长,1396040,502,7430,13303,78,29267,http://i2.hdslb.com/bfs/archive/1c7b4b0f441eb12ebfc30878cef150f4c548d4ef.jpg
78,偶遇旋转猫演唱会,https://www.bilibili.com/video/BV1rwcteuEKA,小黄脸动画,1049063,219,1509,121481,5961,19002,http://i0.hdslb.com/bfs/archive/8a1e722b595bbde713697cab2a11224ae813b0a2.jpg
79,《当王妈遇上小品》,https://www.bilibili.com/video/BV1qsciexEhY,七颗猩猩QKXX,763445,1283,7789,71306,2041,6043,http://i1.hdslb.com/bfs/archive/c95d9ce563c71f753445d0da803e31d55e297568.jpg
80,【CF手游2025新春会】我们又来给大家拜年啦！,https://www.bilibili.com/video/BV1ZhcbeMEa3,残影游戏解说,1218831,738,2036,55285,519,8746,http://i1.hdslb.com/bfs/archive/c57cf2a098ce3016aa9d0d98be59201f9ac25a8b.jpg
81,快过年了，按个年猪给大家助助兴！,https://www.bilibili.com/video/BV1mVc6eJEYx,永琪吗,712280,1502,11158,85726,2751,2532,http://i0.hdslb.com/bfs/archive/fd59314937637c691f9f90405640d34b70db6017.jpg
82,山姆“穷鬼套餐”大摸底！真是被自己穷笑了！,https://www.bilibili.com/video/BV1a3cceEEcb,穿毛裤的小拉泽,3584619,6949,10726,67423,2598,29801,http://i0.hdslb.com/bfs/archive/1c574797ab763f1ab183fb96b9a5ee9118b085a6.jpg
83,尹锡悦正式被捕，传奇“耐抓王”落幕？,https://www.bilibili.com/video/BV1ArwVegEWk,麻薯波比呀,929749,2518,8732,63180,980,6049,http://i0.hdslb.com/bfs/archive/2058e30d0391663cd2f39aa5cdec3845b7ebbfdb.jpg
84,当陌生人向你求助，请警惕，或许对方另有所图！真实案例改编！,https://www.bilibili.com/video/BV1EFcve9EH2,与山0v0,611626,4463,9649,48057,562,14618,http://i0.hdslb.com/bfs/archive/169465e383f2d16becd7128e5f68bee46cded8fb.jpg
85,骂总统，骂财阀，骂完却死性不改？看完它才知道韩国电影存在的意义！高分佳作《辩护人》,https://www.bilibili.com/video/BV1y9c4eyEqn,小片片说大片,1016023,1606,10362,37574,1222,10916,http://i2.hdslb.com/bfs/archive/9ebe9059147f4e4656eeec97fe8e13e527819992.jpg
86,受诅咒的相机,https://www.bilibili.com/video/BV1vGcteaEj3,鲤鱼Ace,711662,28420,14628,41944,793,11874,http://i0.hdslb.com/bfs/archive/aef88683781c6f3e14c69c38e4615da55abf2850.jpg
87,只存在1天的乌托邦？72小时极限前往日本最北端露营跨年,https://www.bilibili.com/video/BV1Aac2eaEYk,Linksphotograph,627326,2421,25026,37260,6065,12155,http://i2.hdslb.com/bfs/archive/a5df3883e75439de934a073a4875c46add00a796.jpg
88,深度|| 佛祖原本内定的三个取经徒弟分别是谁？,https://www.bilibili.com/video/BV1VXcveEE4h,渤海小吏,559990,4189,34145,38637,1158,10751,http://i0.hdslb.com/bfs/archive/c03d85ac8d4f715a6c304fca276fdf84694772b5.jpg
89,我将用飞雷神之术击退虫群！【DogCraft71】,https://www.bilibili.com/video/BV1ZQwVeaEWz,DarkCarrot,472694,2385,37189,54628,1272,9136,http://i0.hdslb.com/bfs/archive/3a42be81af5d36b108e590d4e83ef87195cc10c6.jpg
90,【神鹰黑手】输出爆炸！机制超模！就连设计师也不敢削弱的英雄！！！,https://www.bilibili.com/video/BV15fctecEYk,上海滩许Van强,828654,828,2934,52250,2784,9565,http://i2.hdslb.com/bfs/archive/fb3895161203789d051b91678dafd06df6c1ae34.jpg
91,性瘾患者成为皇帝会干什么？【弟中海往事19】,https://www.bilibili.com/video/BV12hcteJEL7,地中之帝布觥,854505,992,3427,42963,886,13218,http://i0.hdslb.com/bfs/archive/5e757591b4940f6140a89961633b4bcc6ef512e8.jpg
92,电影最TOP：看完烂片洗洗眼！2024年度十大国际佳片,https://www.bilibili.com/video/BV1NjcbeUEMN,电影最TOP,943295,9431,10756,31714,2210,12297,http://i1.hdslb.com/bfs/archive/7c17ec8f12e492c3a00a414a9428a43b3e57c63c.jpg
93,如何证明你的超能力11,https://www.bilibili.com/video/BV18ccSeJE6T,-布凡,1228785,400,1437,114507,387,9588,http://i1.hdslb.com/bfs/archive/a18626b66671c4995945d13f433f51bdde240da3.jpg
94,小孩哥:“一想到一会儿就要赢你了，我好难过”😫,https://www.bilibili.com/video/BV1pxc9eUEA4,教街舞的洪老师,1129438,272,458,148106,2015,5675,http://i2.hdslb.com/bfs/archive/40ba126d394b109d734401cf15d760b1c9ead1bc.jpg
95,帅气的迈克尔杰克逊滑步，学起来，,https://www.bilibili.com/video/BV19dctecEdN,popping康师傅,917878,382,1330,107919,750,13079,http://i0.hdslb.com/bfs/archive/af6b9267c1c401cf28c841a1028005e0a7295b9f.jpg
96,消炎3，三阶的消炎能否击败四阶巅峰虎先锋？,https://www.bilibili.com/video/BV1eBc6eAE3V,养虾的贺贺,1256291,305,3945,12300,701,19144,http://i2.hdslb.com/bfs/archive/74e295ba9ac8e20f6453e8d26850cd79e22364c1.jpg
97,【梗百科】猫税是啥梗？赛博难民涌入国内？,https://www.bilibili.com/video/BV1XrcBepEgp,梗百科,1416974,417,2011,86633,1338,16473,http://i1.hdslb.com/bfs/archive/8e47363a68290fedd48303214632a22e73018114.jpg
98,礼物嘛，送的就是这个惊喜感,https://www.bilibili.com/video/BV1fKcteiEk9,小叮当的一家,1891655,321,898,61764,229,10284,http://i0.hdslb.com/bfs/archive/eb8a9a2a2333c76885a24c8957955908d35693c7.jpg
99,美为丑加冕！2025淘宝丑东西颁奖盛典来了,https://www.bilibili.com/video/BV1zscBePENt,淘宝,812577,3804,6749,48388,12518,9227,http://i2.hdslb.com/bfs/archive/14fe4559be8537a26b50536c0380131fb8fb02d9.jpg
100,刻在骨子里的爱国基因,https://www.bilibili.com/video/BV1bgc9efEe8,下了猫猫雨i,1049883,657,639,151832,1474,5940,http://i2.hdslb.com/bfs/archive/37458651d56006acfb28c592a5e1fdc78ab02279.jpg
